{"inputUnits":[63],"outputUnits":2,"inputs":{"0":{"dtype":"number","min":0.12930279970169067,"max":0.7899224758148193},"1":{"dtype":"number","min":0.27753525972366333,"max":0.9149143695831299},"2":{"dtype":"number","min":-4.2823069179576123e-7,"max":6.963660439396335e-7},"3":{"dtype":"number","min":0.1520279049873352,"max":0.8494236469268799},"4":{"dtype":"number","min":0.28032228350639343,"max":0.9029339551925659},"5":{"dtype":"number","min":-0.06825830787420273,"max":0.02475898712873459},"6":{"dtype":"number","min":0.1820344626903534,"max":0.8941493034362793},"7":{"dtype":"number","min":0.23707862198352814,"max":0.8682926893234253},"8":{"dtype":"number","min":-0.10841244459152222,"max":0.025995919480919838},"9":{"dtype":"number","min":0.2300274819135666,"max":0.9238061308860779},"10":{"dtype":"number","min":0.18501101434230804,"max":0.8794867992401123},"11":{"dtype":"number","min":-0.1395569145679474,"max":0.021028686314821243},"12":{"dtype":"number","min":0.22005704045295715,"max":0.9425939321517944},"13":{"dtype":"number","min":0.15525642037391663,"max":0.8967372179031372},"14":{"dtype":"number","min":-0.16298942267894745,"max":0.020279772579669952},"15":{"dtype":"number","min":0.14861178398132324,"max":0.8754196166992188},"16":{"dtype":"number","min":0.15174005925655365,"max":0.7365460991859436},"17":{"dtype":"number","min":-0.1002378910779953,"max":0.029421845450997353},"18":{"dtype":"number","min":0.2125493288040161,"max":0.9204996228218079},"19":{"dtype":"number","min":0.11748117953538895,"max":0.8415477871894836},"20":{"dtype":"number","min":-0.13400064408779144,"max":0.016311021521687508},"21":{"dtype":"number","min":0.19487126171588898,"max":0.9104892611503601},"22":{"dtype":"number","min":0.07734763622283936,"max":0.8556773662567139},"23":{"dtype":"number","min":-0.1535080075263977,"max":0.018949467688798904},"24":{"dtype":"number","min":0.17549274861812592,"max":0.9334173202514648},"25":{"dtype":"number","min":0.03059813380241394,"max":0.8378972411155701},"26":{"dtype":"number","min":-0.17132961750030518,"max":0.025640413165092468},"27":{"dtype":"number","min":0.14171792566776276,"max":0.8515998721122742},"28":{"dtype":"number","min":0.1407572627067566,"max":0.73442143201828},"29":{"dtype":"number","min":-0.09281007945537567,"max":0.01633288711309433},"30":{"dtype":"number","min":0.1492331624031067,"max":0.9010605216026306},"31":{"dtype":"number","min":0.09372931718826294,"max":0.8676701188087463},"32":{"dtype":"number","min":-0.12769825756549835,"max":0.010881809517741203},"33":{"dtype":"number","min":0.1212431937456131,"max":0.8860235810279846},"34":{"dtype":"number","min":0.03423754870891571,"max":0.8742908239364624},"35":{"dtype":"number","min":-0.14900632202625275,"max":0.015628628432750702},"36":{"dtype":"number","min":0.093081034719944,"max":0.9134259819984436},"37":{"dtype":"number","min":-0.018542662262916565,"max":0.8509193658828735},"38":{"dtype":"number","min":-0.16641290485858917,"max":0.016791414469480515},"39":{"dtype":"number","min":0.11463475972414017,"max":0.8271334767341614},"40":{"dtype":"number","min":0.1366162896156311,"max":0.7496647238731384},"41":{"dtype":"number","min":-0.08545730262994766,"max":0.0061603630892932415},"42":{"dtype":"number","min":0.11637922376394272,"max":0.8791949152946472},"43":{"dtype":"number","min":0.10026848316192627,"max":0.8788673877716064},"44":{"dtype":"number","min":-0.11944514513015747,"max":-0.00009415300883119926},"45":{"dtype":"number","min":0.08283044397830963,"max":0.8618829846382141},"46":{"dtype":"number","min":0.041134417057037354,"max":0.8776375651359558},"47":{"dtype":"number","min":-0.13895252346992493,"max":0.009509222581982613},"48":{"dtype":"number","min":0.0507650226354599,"max":0.8763245940208435},"49":{"dtype":"number","min":-0.011484235525131226,"max":0.8502928018569946},"50":{"dtype":"number","min":-0.15335796773433685,"max":0.009947731159627438},"51":{"dtype":"number","min":0.07635098695755005,"max":0.8460509777069092},"52":{"dtype":"number","min":0.13552293181419373,"max":0.7771454453468323},"53":{"dtype":"number","min":-0.09247983247041702,"max":-0.0020979540422558784},"54":{"dtype":"number","min":0.07080115377902985,"max":0.8751463294029236},"55":{"dtype":"number","min":0.11442433297634125,"max":0.874967634677887},"56":{"dtype":"number","min":-0.1121136024594307,"max":-0.005133994854986668},"57":{"dtype":"number","min":0.043289124965667725,"max":0.8608874082565308},"58":{"dtype":"number","min":0.0735170841217041,"max":0.8758572936058044},"59":{"dtype":"number","min":-0.13229264318943024,"max":0.010997194796800613},"60":{"dtype":"number","min":0.02206815779209137,"max":0.8441131711006165},"61":{"dtype":"number","min":0.02224591374397278,"max":0.8519698977470398},"62":{"dtype":"number","min":-0.14816775918006897,"max":0.02053597941994667}},"outputs":{"label":{"dtype":"string","min":0,"max":1,"uniqueValues":["Open","Close"],"legend":{"Open":[1,0],"Close":[0,1]}}},"isNormalized":true}